Workbook

Sheet Start Here
B2: FXDARWISH — Trading Journal
B5: Trading with Precision · ICT / SMC
B7: What this is
C8: A complete trade journal built around ICT / SMC. Log each trade and the Dashboard auto-calculates win rate, expectancy, profit factor, R-multiples, drawdown and your equity balance.
B10: How to use it — 3 steps
B11: ▸ | C11: 1 Set up once
C12: Open the Settings tab. Enter your Starting Balance and target Risk %. Verify the value-per-lot figures against your MT5 / OneRoyal spec.
B13: ▸ | C13: 2 Log your trades
C14: On the Trade Log tab, fill only the blue input columns: Date, Instrument, Direction, Session, Setup, Lot Size, Entry, Stop, Take Profit and Exit. Use the dropdowns.
B15: ▸ | C15: 3 Read the Dashboard
C16: Everything else calculates itself. Check the Dashboard tab for your live stats.
B18: Which cells do I fill?
C19: Blue cells = your inputs | D19: Grey/auto cells = calculated — don't edit
B21: Keep going
C22: Free community, weekly analysis and the full course:
C23: fxdarwish.com/links
B25: © FXDARWISH · Trading with Precision · @fxdarwish

Sheet Dashboard
B2: FXDARWISH - Trading Performance
B3: Auto-calculated from the Trade Log
B5: Total Trades | C5: =COUNT('Trade Log'!$S$2:$S$201) -> 0
B6: Wins | C6: =COUNTIF('Trade Log'!$U$2:$U$201,"Win") -> 0
B7: Losses | C7: =COUNTIF('Trade Log'!$U$2:$U$201,"Loss") -> 0
B8: Break-even | C8: =COUNTIF('Trade Log'!$U$2:$U$201,"BE") -> 0
B9: Win Rate | C9: =IFERROR(C6/(C6+C7),0) -> 0
B10: Net P&L | C10: =SUM('Trade Log'!$S$2:$S$201) -> 0
B11: Account Return % | C11: =IFERROR(C10/Settings!$B$3,0) -> 0
B12: Profit Factor | C12: =IFERROR(SUMIF('Trade Log'!$S$2:$S$201,">0")/ABS(SUMIF('Trade Log'!$S$2:$S$201,"<0")),0) -> 0
B13: Expectancy / Trade | C13: =IFERROR(C10/C5,0) -> 0
B14: Avg Realized R | C14: =IFERROR(AVERAGE('Trade Log'!$T$2:$T$201),0) -> 0
B15: Average Win | C15: =IFERROR(AVERAGEIF('Trade Log'!$S$2:$S$201,">0"),0) -> 0
B16: Average Loss | C16: =IFERROR(AVERAGEIF('Trade Log'!$S$2:$S$201,"<0"),0) -> 0
B17: Avg Reward:Risk | C17: =IFERROR(ABS(C15/C16),0) -> 0
B18: Largest Win | C18: =IFERROR(MAX('Trade Log'!$S$2:$S$201),0) -> 0
B19: Largest Loss | C19: =IFERROR(MIN('Trade Log'!$S$2:$S$201),0) -> 0
B20: Max Drawdown | C20: =IFERROR(MIN('Trade Log'!$Y$2:$Y$201),0) -> 0
B21: Avg Risk % / Trade | C21: =IFERROR(AVERAGE('Trade Log'!$V$2:$V$201),0) -> 0
B22: Total Pips / Points | C22: =SUM('Trade Log'!$Q$2:$Q$201) -> 0
B23: Current Balance | C23: =IFERROR(Settings!$B$3+SUM('Trade Log'!$S$2:$S$201),Settings!$B$3) -> 1000

Sheet Settings
A1: Account Settings
A3: Starting Balance ($) | B3: 1000
A4: Target Risk per Trade (%) | B4: 0.01
A7: Instrument Table - edit values to match your broker spec (OneRoyal / MT5)
A8: Instrument | B8: Pip / Point Size | C8: Value per 1.0 Lot ($)
A9: EURUSD | B9: 0.0001 | C9: 10
A10: GBPUSD | B10: 0.0001 | C10: 10
A11: USDJPY | B11: 0.01 | C11: 6.7
A12: GBPJPY | B12: 0.01 | C12: 6.7
A13: AUDUSD | B13: 0.0001 | C13: 10
A14: USDCAD | B14: 0.0001 | C14: 7.5
A15: XAUUSD | B15: 0.01 | C15: 1
A16: NAS100 | B16: 1 | C16: 1
A17: US30 | B17: 1 | C17: 1
A18: SPX500 | B18: 1 | C18: 1
A19: US100 | B19: 1 | C19: 1
A20: BTCUSD | B20: 1 | C20: 1
A30: Note: value per lot depends on broker & account type. Verify from the Specification tab in MT5 or a small test trade, then update the blue figures.

Sheet Trade Log
A1: # | B1: Date | C1: Instrument | D1: Direction | E1: Session | F1: Setup | G1: Lot Size | H1: Entry | I1: Stop Loss | J1: Take Profit | K1: Exit | L1: Pip Size | M1: Pip Value | N1: Risk (pips) | O1: Reward (pips) | P1: Planned R | Q1: Result (pips) | R1: Risk ($) | S1: P&L ($) | T1: Realized R | U1: Outcome | V1: Risk % | W1: Balance ($) | X1: Peak Equity | Y1: Drawdown % | Z1: Notes / Discipline
A2: =IF($H2="","",ROW()-1) | L2: =IFERROR(VLOOKUP($C2,Settings!$A$9:$C$28,2,FALSE()),"") | M2: =IFERROR(VLOOKUP($C2,Settings!$A$9:$C$28,3,FALSE()),"") | N2: =IF(OR($H2="",$I2=""),"",IFERROR(ABS(H2-I2)/L2,"")) | O2: =IF(OR($H2="",$J2=""),"",IFERROR(ABS(J2-H2)/L2,"")) | P2: =IF(OR(N2="",O2="",N2=0),"",O2/N2) | Q2: =IF(OR($H2="",$K2=""),"",IFERROR(((K2-H2)/L2)*IF($D2="Buy",1,-1),"")) | R2: =IF(OR(N2="",$G2=""),"",IFERROR(N2*M2*G2,"")) | S2: =IF(OR(Q2="",$G2=""),"",IFERROR(Q2*M2*G2,"")) | T2: =IF(OR(S2="",R2="",R2=0),"",S2/R2) | U2: =IF(S2="","",IF(S2>0,"Win",IF(S2<0,"Loss","BE"))) | V2: =IF(OR($H2="",R2=""),"",IFERROR(R2/(W2-S2),"")) | W2: =IF($H2="","",Settings!$B$3+SUM($S$2:S2)) | X2: =IF($H2="","",MAX(Settings!$B$3,MAX($W$2:W2))) | Y2: =IF(OR($H2="",X2=""),"",IFERROR((W2-X2)/X2,""))
A3: =IF($H3="","",ROW()-1) | L3: =IFERROR(VLOOKUP($C3,Settings!$A$9:$C$28,2,FALSE()),"") | M3: =IFERROR(VLOOKUP($C3,Settings!$A$9:$C$28,3,FALSE()),"") | N3: =IF(OR($H3="",$I3=""),"",IFERROR(ABS(H3-I3)/L3,"")) | O3: =IF(OR($H3="",$J3=""),"",IFERROR(ABS(J3-H3)/L3,"")) | P3: =IF(OR(N3="",O3="",N3=0),"",O3/N3) | Q3: =IF(OR($H3="",$K3=""),"",IFERROR(((K3-H3)/L3)*IF($D3="Buy",1,-1),"")) | R3: =IF(OR(N3="",$G3=""),"",IFERROR(N3*M3*G3,"")) | S3: =IF(OR(Q3="",$G3=""),"",IFERROR(Q3*M3*G3,"")) | T3: =IF(OR(S3="",R3="",R3=0),"",S3/R3) | U3: =IF(S3="","",IF(S3>0,"Win",IF(S3<0,"Loss","BE"))) | V3: =IF(OR($H3="",R3=""),"",IFERROR(R3/(W3-S3),"")) | W3: =IF($H3="","",Settings!$B$3+SUM($S$2:S3)) | X3: =IF($H3="","",MAX(Settings!$B$3,MAX($W$2:W3))) | Y3: =IF(OR($H3="",X3=""),"",IFERROR((W3-X3)/X3,""))
A4: =IF($H4="","",ROW()-1) | L4: =IFERROR(VLOOKUP($C4,Settings!$A$9:$C$28,2,FALSE()),"") | M4: =IFERROR(VLOOKUP($C4,Settings!$A$9:$C$28,3,FALSE()),"") | N4: =IF(OR($H4="",$I4=""),"",IFERROR(ABS(H4-I4)/L4,"")) | O4: =IF(OR($H4="",$J4=""),"",IFERROR(ABS(J4-H4)/L4,"")) | P4: =IF(OR(N4="",O4="",N4=0),"",O4/N4) | Q4: =IF(OR($H4="",$K4=""),"",IFERROR(((K4-H4)/L4)*IF($D4="Buy",1,-1),"")) | R4: =IF(OR(N4="",$G4=""),"",IFERROR(N4*M4*G4,"")) | S4: =IF(OR(Q4="",$G4=""),"",IFERROR(Q4*M4*G4,"")) | T4: =IF(OR(S4="",R4="",R4=0),"",S4/R4) | U4: =IF(S4="","",IF(S4>0,"Win",IF(S4<0,"Loss","BE"))) | V4: =IF(OR($H4="",R4=""),"",IFERROR(R4/(W4-S4),"")) | W4: =IF($H4="","",Settings!$B$3+SUM($S$2:S4)) | X4: =IF($H4="","",MAX(Settings!$B$3,MAX($W$2:W4))) | Y4: =IF(OR($H4="",X4=""),"",IFERROR((W4-X4)/X4,""))
A5: =IF($H5="","",ROW()-1) | L5: =IFERROR(VLOOKUP($C5,Settings!$A$9:$C$28,2,FALSE()),"") | M5: =IFERROR(VLOOKUP($C5,Settings!$A$9:$C$28,3,FALSE()),"") | N5: =IF(OR($H5="",$I5=""),"",IFERROR(ABS(H5-I5)/L5,"")) | O5: =IF(OR($H5="",$J5=""),"",IFERROR(ABS(J5-H5)/L5,"")) | P5: =IF(OR(N5="",O5="",N5=0),"",O5/N5) | Q5: =IF(OR($H5="",$K5=""),"",IFERROR(((K5-H5)/L5)*IF($D5="Buy",1,-1),"")) | R5: =IF(OR(N5="",$G5=""),"",IFERROR(N5*M5*G5,"")) | S5: =IF(OR(Q5="",$G5=""),"",IFERROR(Q5*M5*G5,"")) | T5: =IF(OR(S5="",R5="",R5=0),"",S5/R5) | U5: =IF(S5="","",IF(S5>0,"Win",IF(S5<0,"Loss","BE"))) | V5: =IF(OR($H5="",R5=""),"",IFERROR(R5/(W5-S5),"")) | W5: =IF($H5="","",Settings!$B$3+SUM($S$2:S5)) | X5: =IF($H5="","",MAX(Settings!$B$3,MAX($W$2:W5))) | Y5: =IF(OR($H5="",X5=""),"",IFERROR((W5-X5)/X5,""))
A6: =IF($H6="","",ROW()-1) | L6: =IFERROR(VLOOKUP($C6,Settings!$A$9:$C$28,2,FALSE()),"") | M6: =IFERROR(VLOOKUP($C6,Settings!$A$9:$C$28,3,FALSE()),"") | N6: =IF(OR($H6="",$I6=""),"",IFERROR(ABS(H6-I6)/L6,"")) | O6: =IF(OR($H6="",$J6=""),"",IFERROR(ABS(J6-H6)/L6,"")) | P6: =IF(OR(N6="",O6="",N6=0),"",O6/N6) | Q6: =IF(OR($H6="",$K6=""),"",IFERROR(((K6-H6)/L6)*IF($D6="Buy",1,-1),"")) | R6: =IF(OR(N6="",$G6=""),"",IFERROR(N6*M6*G6,"")) | S6: =IF(OR(Q6="",$G6=""),"",IFERROR(Q6*M6*G6,"")) | T6: =IF(OR(S6="",R6="",R6=0),"",S6/R6) | U6: =IF(S6="","",IF(S6>0,"Win",IF(S6<0,"Loss","BE"))) | V6: =IF(OR($H6="",R6=""),"",IFERROR(R6/(W6-S6),"")) | W6: =IF($H6="","",Settings!$B$3+SUM($S$2:S6)) | X6: =IF($H6="","",MAX(Settings!$B$3,MAX($W$2:W6))) | Y6: =IF(OR($H6="",X6=""),"",IFERROR((W6-X6)/X6,""))
A7: =IF($H7="","",ROW()-1) | L7: =IFERROR(VLOOKUP($C7,Settings!$A$9:$C$28,2,FALSE()),"") | M7: =IFERROR(VLOOKUP($C7,Settings!$A$9:$C$28,3,FALSE()),"") | N7: =IF(OR($H7="",$I7=""),"",IFERROR(ABS(H7-I7)/L7,"")) | O7: =IF(OR($H7="",$J7=""),"",IFERROR(ABS(J7-H7)/L7,"")) | P7: =IF(OR(N7="",O7="",N7=0),"",O7/N7) | Q7: =IF(OR($H7="",$K7=""),"",IFERROR(((K7-H7)/L7)*IF($D7="Buy",1,-1),"")) | R7: =IF(OR(N7="",$G7=""),"",IFERROR(N7*M7*G7,"")) | S7: =IF(OR(Q7="",$G7=""),"",IFERROR(Q7*M7*G7,"")) | T7: =IF(OR(S7="",R7="",R7=0),"",S7/R7) | U7: =IF(S7="","",IF(S7>0,"Win",IF(S7<0,"Loss","BE"))) | V7: =IF(OR($H7="",R7=""),"",IFERROR(R7/(W7-S7),"")) | W7: =IF($H7="","",Settings!$B$3+SUM($S$2:S7)) | X7: =IF($H7="","",MAX(Settings!$B$3,MAX($W$2:W7))) | Y7: =IF(OR($H7="",X7=""),"",IFERROR((W7-X7)/X7,""))
A8: =IF($H8="","",ROW()-1) | L8: =IFERROR(VLOOKUP($C8,Settings!$A$9:$C$28,2,FALSE()),"") | M8: =IFERROR(VLOOKUP($C8,Settings!$A$9:$C$28,3,FALSE()),"") | N8: =IF(OR($H8="",$I8=""),"",IFERROR(ABS(H8-I8)/L8,"")) | O8: =IF(OR($H8="",$J8=""),"",IFERROR(ABS(J8-H8)/L8,"")) | P8: =IF(OR(N8="",O8="",N8=0),"",O8/N8) | Q8: =IF(OR($H8="",$K8=""),"",IFERROR(((K8-H8)/L8)*IF($D8="Buy",1,-1),"")) | R8: =IF(OR(N8="",$G8=""),"",IFERROR(N8*M8*G8,"")) | S8: =IF(OR(Q8="",$G8=""),"",IFERROR(Q8*M8*G8,"")) | T8: =IF(OR(S8="",R8="",R8=0),"",S8/R8) | U8: =IF(S8="","",IF(S8>0,"Win",IF(S8<0,"Loss","BE"))) | V8: =IF(OR($H8="",R8=""),"",IFERROR(R8/(W8-S8),"")) | W8: =IF($H8="","",Settings!$B$3+SUM($S$2:S8)) | X8: =IF($H8="","",MAX(Settings!$B$3,MAX($W$2:W8))) | Y8: =IF(OR($H8="",X8=""),"",IFERROR((W8-X8)/X8,""))
A9: =IF($H9="","",ROW()-1) | L9: =IFERROR(VLOOKUP($C9,Settings!$A$9:$C$28,2,FALSE()),"") | M9: =IFERROR(VLOOKUP($C9,Settings!$A$9:$C$28,3,FALSE()),"") | N9: =IF(OR($H9="",$I9=""),"",IFERROR(ABS(H9-I9)/L9,"")) | O9: =IF(OR($H9="",$J9=""),"",IFERROR(ABS(J9-H9)/L9,"")) | P9: =IF(OR(N9="",O9="",N9=0),"",O9/N9) | Q9: =IF(OR($H9="",$K9=""),"",IFERROR(((K9-H9)/L9)*IF($D9="Buy",1,-1),"")) | R9: =IF(OR(N9="",$G9=""),"",IFERROR(N9*M9*G9,"")) | S9: =IF(OR(Q9="",$G9=""),"",IFERROR(Q9*M9*G9,"")) | T9: =IF(OR(S9="",R9="",R9=0),"",S9/R9) | U9: =IF(S9="","",IF(S9>0,"Win",IF(S9<0,"Loss","BE"))) | V9: =IF(OR($H9="",R9=""),"",IFERROR(R9/(W9-S9),"")) | W9: =IF($H9="","",Settings!$B$3+SUM($S$2:S9)) | X9: =IF($H9="","",MAX(Settings!$B$3,MAX($W$2:W9))) | Y9: =IF(OR($H9="",X9=""),"",IFERROR((W9-X9)/X9,""))
A10: =IF($H10="","",ROW()-1) | L10: =IFERROR(VLOOKUP($C10,Settings!$A$9:$C$28,2,FALSE()),"") | M10: =IFERROR(VLOOKUP($C10,Settings!$A$9:$C$28,3,FALSE()),"") | N10: =IF(OR($H10="",$I10=""),"",IFERROR(ABS(H10-I10)/L10,"")) | O10: =IF(OR($H10="",$J10=""),"",IFERROR(ABS(J10-H10)/L10,"")) | P10: =IF(OR(N10="",O10="",N10=0),"",O10/N10) | Q10: =IF(OR($H10="",$K10=""),"",IFERROR(((K10-H10)/L10)*IF($D10="Buy",1,-1),"")) | R10: =IF(OR(N10="",$G10=""),"",IFERROR(N10*M10*G10,"")) | S10: =IF(OR(Q10="",$G10=""),"",IFERROR(Q10*M10*G10,"")) | T10: =IF(OR(S10="",R10="",R10=0),"",S10/R10) | U10: =IF(S10="","",IF(S10>0,"Win",IF(S10<0,"Loss","BE"))) | V10: =IF(OR($H10="",R10=""),"",IFERROR(R10/(W10-S10),"")) | W10: =IF($H10="","",Settings!$B$3+SUM($S$2:S10)) | X10: =IF($H10="","",MAX(Settings!$B$3,MAX($W$2:W10))) | Y10: =IF(OR($H10="",X10=""),"",IFERROR((W10-X10)/X10,""))
A11: =IF($H11="","",ROW()-1) | L11: =IFERROR(VLOOKUP($C11,Settings!$A$9:$C$28,2,FALSE()),"") | M11: =IFERROR(VLOOKUP($C11,Settings!$A$9:$C$28,3,FALSE()),"") | N11: =IF(OR($H11="",$I11=""),"",IFERROR(ABS(H11-I11)/L11,"")) | O11: =IF(OR($H11="",$J11=""),"",IFERROR(ABS(J11-H11)/L11,"")) | P11: =IF(OR(N11="",O11="",N11=0),"",O11/N11) | Q11: =IF(OR($H11="",$K11=""),"",IFERROR(((K11-H11)/L11)*IF($D11="Buy",1,-1),"")) | R11: =IF(OR(N11="",$G11=""),"",IFERROR(N11*M11*G11,"")) | S11: =IF(OR(Q11="",$G11=""),"",IFERROR(Q11*M11*G11,"")) | T11: =IF(OR(S11="",R11="",R11=0),"",S11/R11) | U11: =IF(S11="","",IF(S11>0,"Win",IF(S11<0,"Loss","BE"))) | V11: =IF(OR($H11="",R11=""),"",IFERROR(R11/(W11-S11),"")) | W11: =IF($H11="","",Settings!$B$3+SUM($S$2:S11)) | X11: =IF($H11="","",MAX(Settings!$B$3,MAX($W$2:W11))) | Y11: =IF(OR($H11="",X11=""),"",IFERROR((W11-X11)/X11,""))
A12: =IF($H12="","",ROW()-1) | L12: =IFERROR(VLOOKUP($C12,Settings!$A$9:$C$28,2,FALSE()),"") | M12: =IFERROR(VLOOKUP($C12,Settings!$A$9:$C$28,3,FALSE()),"") | N12: =IF(OR($H12="",$I12=""),"",IFERROR(ABS(H12-I12)/L12,"")) | O12: =IF(OR($H12="",$J12=""),"",IFERROR(ABS(J12-H12)/L12,"")) | P12: =IF(OR(N12="",O12="",N12=0),"",O12/N12) | Q12: =IF(OR($H12="",$K12=""),"",IFERROR(((K12-H12)/L12)*IF($D12="Buy",1,-1),"")) | R12: =IF(OR(N12="",$G12=""),"",IFERROR(N12*M12*G12,"")) | S12: =IF(OR(Q12="",$G12=""),"",IFERROR(Q12*M12*G12,"")) | T12: =IF(OR(S12="",R12="",R12=0),"",S12/R12) | U12: =IF(S12="","",IF(S12>0,"Win",IF(S12<0,"Loss","BE"))) | V12: =IF(OR($H12="",R12=""),"",IFERROR(R12/(W12-S12),"")) | W12: =IF($H12="","",Settings!$B$3+SUM($S$2:S12)) | X12: =IF($H12="","",MAX(Settings!$B$3,MAX($W$2:W12))) | Y12: =IF(OR($H12="",X12=""),"",IFERROR((W12-X12)/X12,""))
A13: =IF($H13="","",ROW()-1) | L13: =IFERROR(VLOOKUP($C13,Settings!$A$9:$C$28,2,FALSE()),"") | M13: =IFERROR(VLOOKUP($C13,Settings!$A$9:$C$28,3,FALSE()),"") | N13: =IF(OR($H13="",$I13=""),"",IFERROR(ABS(H13-I13)/L13,"")) | O13: =IF(OR($H13="",$J13=""),"",IFERROR(ABS(J13-H13)/L13,"")) | P13: =IF(OR(N13="",O13="",N13=0),"",O13/N13) | Q13: =IF(OR($H13="",$K13=""),"",IFERROR(((K13-H13)/L13)*IF($D13="Buy",1,-1),"")) | R13: =IF(OR(N13="",$G13=""),"",IFERROR(N13*M13*G13,"")) | S13: =IF(OR(Q13="",$G13=""),"",IFERROR(Q13*M13*G13,"")) | T13: =IF(OR(S13="",R13="",R13=0),"",S13/R13) | U13: =IF(S13="","",IF(S13>0,"Win",IF(S13<0,"Loss","BE"))) | V13: =IF(OR($H13="",R13=""),"",IFERROR(R13/(W13-S13),"")) | W13: =IF($H13="","",Settings!$B$3+SUM($S$2:S13)) | X13: =IF($H13="","",MAX(Settings!$B$3,MAX($W$2:W13))) | Y13: =IF(OR($H13="",X13=""),"",IFERROR((W13-X13)/X13,""))
... A201: =IF($H201="","",ROW()-1) | L201: =IFERROR(VLOOKUP($C201,Settings!$A$9:$C$28,2,FALSE()),"") | M201: =IFERROR(VLOOKUP($C201,Settings!$A$9:$C$28,3,FALSE()),"") | N201: =IF(OR($H201="",$I201=""),"",IFERROR(ABS(H201-I201)/L201,"")) | O201: =IF(OR($H201="",$J201=""),"",IFERROR(ABS(J201-H201)/L201,"")) | P201: =IF(OR(N201="",O201="",N201=0),"",O201/N201) | Q201: =IF(OR($H201="",$K201=""),"",IFERROR(((K201-H201)/L201)*IF($D201="Buy",1,-1),"")) | R201: =IF(OR(N201="",$G201=""),"",IFERROR(N201*M201*G201,"")) | S201: =IF(OR(Q201="",$G201=""),"",IFERROR(Q201*M201*G201,"")) | T201: =IF(OR(S201="",R201="",R201=0),"",S201/R201) | U201: =IF(S201="","",IF(S201>0,"Win",IF(S201<0,"Loss","BE"))) | V201: =IF(OR($H201="",R201=""),"",IFERROR(R201/(W201-S201),"")) | W201: =IF($H201="","",Settings!$B$3+SUM($S$2:S201)) | X201: =IF($H201="","",MAX(Settings!$B$3,MAX($W$2:W201))) | Y201: =IF(OR($H201="",X201=""),"",IFERROR((W201-X201)/X201,""))
